model,year
BLS 1.9L TiD,2009
BLS 2.0T Automatic,2009
BLS 2.8L V6T,2009
CTS 2.6 V6,2009
CTS 3.6L SFI,2009
CTS 3.6L SIDI,2009
CTS 3.6L V6,2009
CTS V8,2009
DTS,2009
DTS Performance,2009
Escalade,2009
Escalade AWD Platinum,2009
Escalade ESV Platinum,2009
Escalade Hybrid,2009
SRX,2009
SRX 3.6 V6 Automatic,2009
SRX 4.6 V8,2009
STS 3.6 V6,2009
STS V6,2009
STS V8 Luxury,2009
STS-V,2009
XLR -V,2009
CTS,2008
CTS 3.2 V6,2008
CTS 3.6L SIDI,2008
CTS V8,2008
DTS Performance,2008
Escalade ESV,2008
Escalade EXT Sport Utility Truck,2008
SRX 3.6 V6,2008
SRX 3.6 V6 Elegance,2008
STS,2008
STS 4.6 V8,2008
STS V8 Luxury,2008
XLR Convertible,2008
XLR-V Convertible,2008
BLS 2.0T,2007
CTS,2007
CTS 3.6 V6 Elegance,2007
DTS Luxury,2007
DTS Sedan,2007
Escalade 6.2 V8,2007
SRX 3.6 V6,2007
SRX 4.6 V8 Sport Luxury,2007
SRX V8,2007
STS 3.6 V6,2007
STS V6,2007
STS V6 Luxury Performance,2007
STS V8 Luxury Performance,2007
STS-V,2007
XLR Platinum,2007
BLS,2006
BLS 2.0 T,2006
CTS 2.6 V6,2006
CTS 2.8 V6 Comfort,2006
CTS 3.6 L Sedan,2006
CTS V Sedan,2006
DTS Limousine,2006
Escalade,2006
Escalade ESV,2006
Escalade ESV Platinum Edition,2006
SRX,2006
SRX 4.6 V8 Sport Luxury,2006
SRX V8,2006
STS 4.6 V8,2006
STS-V,2006
XLR Convertible,2006
Catera,2005
CTS 2.6 V6,2005
CTS 3.2 V6,2005
CTS V8,2005
DeVille DTS,2005
DTS,2005
Escalade EXT,2005
Seville STS 4.6 V8,2005
SRX V6,2005
STS,2005
STS 4.6 V8,2005
XLR Convertible,2005
Catera,2004
CTS 2.6 V6,2004
CTS Sedan,2004
DeVille DTS,2004
Escalade AWD,2004
Escalade ESV Platinum Edition,2004
Escalade EXT Sport Utility Truck,2004
Seville SLS,2004
SRX,2004
Catera,2003
CTS 3.6,2003
Escalade,2003
Seville 4.6,2003
XLR,2003
CTS,2002
DeVille,2002
Escalade,2002
Le Mans,2002
XLR,2002
Escalade,2001
LMP,2001
Vizon,2001
Catera,2000
Eldorado,2000
Imaj,2000
Seville 4.6,2000
Seville STS,2000
Catera,1999
Eldorado ETC,1999
Steinmetz Catera,1999
DeVille,1998
Seville,1998
DeVille,1997
Seville,1997
Eldorado,1996
DeVille 4.6,1995
Seville,1995
Eldorado,1994
Seville 4.6,1994
DeVille 4.9,1993
Fleetwood,1993
Seville STS,1993
Brougham,1992
DeVille 4.9,1992
Seville,1992
De Ville,1991
Allante,1990
DeVille,1990
Seville,1990
Cimarron,1989
Fleetwood,1989
Solitaire,1989
Cimarron,1988
Seville,1988
Brougham,1987
DeVille,1987
Seville,1987
Allante 4.5,1986
Cimarron,1986
Eldorado,1986
Brougham,1985
DeVille,1985
Brougham,1984
DeVille,1984
Eldorado,1984
Brougham,1983
Eldorado,1983
Brougham,1982
DeVille,1982
Seville,1982
Cimarron,1981
Eldorado,1981
Brougham,1980
Eldorado,1980
Seville 5.7 D,1980
DeVille,1979
Eldorado 5.7 D,1979
Brougham,1978
Eldorado,1978
Seville 5.7 D,1978
DeVille,1977
Seville,1977
Eldorado 8.2,1976
Calais Coupe,1975
DeVille Coupe,1975
Eldorado,1975
Brougham 7.7,1974
Calais Sedan,1974
Eldorado Convertible,1974
Calais Sedan,1973
Eldorado,1973
Calais Sedan,1972
Eldorado,1972
DeVille,1971
DeVille Sedan,1971
Eldorado Convertible,1971
Brougham,1970
Calais Sedan,1970
DeVille Convertible,1970
Eldorado,1970
Sixty Special,1970
Calais Coupe,1969
DeVille,1969
DeVille Sedan,1969
Brougham,1968
DeVille,1968
DeVille Coupe,1968
Fleetwood 75,1968
Brougham,1967
DeVille,1967
DeVille Coupe,1967
Eldorado,1967
DeVille Convertible,1966
DeVille Sedan,1966
Calais Coupe,1965
DeVille Coupe,1965
Eldorado Convertible,1965
62 Coupe,1964
DeVille,1964
DeVille Sedan,1964
Sixty Special,1964
62 Coupe,1963
Biarritz Convertible,1963
DeVille Sedan,1963
Fleetwood 75,1963
Sixty Special,1963
62 Coupe,1962
DeVille,1962
DeVille Sedan,1962
Sixty Special,1962
62 Coupe,1961
Biarritz Convertible,1961
DeVille Coupe,1961
Eldorado,1961
62 Convertible,1960
Biarritz Convertible,1960
DeVille,1960
DeVille Sedan,1960
Seville,1960
62 Coupe,1959
Biarritz Convertible,1959
DeVille,1959
DeVille Sedan,1959
Fleetwood 75,1959
62,1958
62 Coupe,1958
Deville,1958
Seville,1958
62,1957
Eldorado Brougham,1957
Eldorado,1956
62,1954
Eldorado,1953
62,1951
62,1949
62,1947
62,1945
62,1944
62,1943
61,1942
60,1941
62,1941
BLS 2.0T,2009
BLS 2.8 V6 Automatic,2009
BLS Wagon 1.9 TTiD,2009
CTS 3.2 V6,2009
CTS 3.6L SFI AWD,2009
CTS 3.6L SIDI AWD,2009
CTS Sport Wagon,2009
CTS-V,2009
DTS Luxury,2009
DTS V8,2009
Escalade 6.2 V8,2009
Escalade ESV,2009
Escalade EXT Sport Utility Truck,2009
Escalade Hybrid 4WD,2009
SRX 3.6 V6,2009
SRX 3.6 V6 Elegance,2009
SRX 4.6 V8 Sport Luxury,2009
STS 4.6 V8,2009
STS V6 Luxury,2009
STS V8 Premium Luxury Performance,2009
XLR,2009
XLR Platinum Convertible,2009
CTS 2.6 V6,2008
CTS 3.6L SFI,2008
CTS 3.6L V6,2008
DTS,2008
Escalade,2008
Escalade ESV 4WD,2008
SRX,2008
SRX 3.6 V6 Automatic,2008
SRX 4.6 V8,2008
STS 4.6,2008
STS V6 Luxury,2008
XLR,2008
XLR Platinum,2008
BLS 1.9L TID,2007
BLS 2.8L V6T,2007
CTS 2.8 V6 Comfort,2007
DTS,2007
DTS Performance,2007
Escalade,2007
SRX,2007
SRX 3.6 V6 Elegance,2007
SRX V6,2007
STS,2007
STS 4.6 V8,2007
STS V6 Luxury,2007
STS V8 Luxury,2007
STS V8 Premium Luxury Performance,2007
XLR,2007
XLR-V Convertible,2007
BLS 1.9 L TiD,2006
CTS,2006
CTS 2.8 L Sedan,2006
CTS 3.2 V6,2006
CTS 3.6 V6 Elegance,2006
DTS,2006
DTS Sedan,2006
Escalade AWD,2006
Escalade ESV AWD,2006
Escalade EXT,2006
SRX 3.6 V6 Elegance,2006
SRX V6,2006
STS,2006
STS V8,2006
XLR,2006
XLR V8 Cabrio-Coupe,2006
CTS,2005
CTS 2.8 L Sedan,2005
CTS 3.6 L Sedan,2005
DeVille,2005
DeVille Sedan,2005
Escalade AWD,2005
ESV AWD,2005
SRX,2005
SRX V8,2005
STS 3.6 V6,2005
XLR,2005
XLR V8 Cabriolet Coupe,2005
CTS,2004
CTS 3.2 V6,2004
CTS V8,2004
DeVille Sedan,2004
Escalade ESV AWD,2004
Escalade EXT,2004
Seville 4.6,2004
Seville STS 4.6 V8,2004
XLR,2004
CTS,2003
CTS-V,2003
Escalade EXT,2003
V Sixteen,2003
Catera,2002
CTS Automatic,2002
Eldorado ESC,2002
Escalade EXT,2002
Seville 4.6,2002
Catera,2001
Escalade 6.0,2001
Seville 4.6,2001
XLR,2001
Catera Sport,2000
Eldorado ETC,2000
Seville,2000
Seville SLS RHD,2000
XLR,2000
DeVille,1999
Seville,1999
Catera,1998
Eldorado,1998
Catera,1997
Eldorado,1997
Catera,1996
DeVille,1995
Eldorado,1995
Seville STS,1995
Seville,1994
Allante,1993
Eldorado,1993
Seville,1993
Allante,1992
DeVille,1992
Eldorado,1992
Allante,1991
DeVille 4.9,1991
Aurora,1990
Eldorado,1990
Brougham,1989
DeVille,1989
Seville,1989
Brougham 5.0,1988
DeVille,1988
Allante,1987
Cimarron,1987
Eldorado,1987
Allante,1986
Brougham,1986
DeVille,1986
Seville,1986
Cimarron,1985
Seville,1985
Cimarron,1984
DeVille 4.5,1984
Seville,1984
Cimarron,1983
Seville,1983
Cimarron,1982
Eldorado,1982
Brougham,1981
De Ville,1981
Seville,1981
DeVille,1980
Seville,1980
Brougham,1979
Eldorado,1979
Seville,1979
DeVille,1978
Seville,1978
Brougham 5.0,1977
Eldorado,1977
Eldorado,1976
Seville,1976
Calais Sedan,1975
DeVille Sedan,1975
Eldorado Convertible,1975
Calais Coupe,1974
Eldorado,1974
Eldorado Coupe,1974
DeVille Coupe,1973
Eldorado Convertible,1973
DeVille Coupe,1972
Calais Coupe,1971
DeVille Coupe,1971
Eldorado,1971
Fleetwood,1971
Calais Coupe,1970
DeVille,1970
DeVille Sedan,1970
Eldorado 8.2,1970
Brougham,1969
Calais Sedan,1969
DeVille Convertible,1969
Eldorado,1969
Calais Sedan,1968
DeVille Convertible,1968
DeVille Sedan,1968
Fleetwood 75 Brougham,1968
Calais Coupe,1967
DeVille Convertible,1967
DeVille Sedan,1967
DeVille,1966
DeVille Coupe,1966
Sixty Special,1966
DeVille Convertible,1965
DeVille Sedan,1965
Sixty Special,1965
62 Sedan,1964
DeVille Coupe,1964
Eldorado Convertible,1964
62 Convertible,1963
62 Sedan,1963
DeVille,1963
Eldorado,1963
Park Avenue,1963
62 Convertible,1962
Biarritz Convertible,1962
DeVille Coupe,1962
Eldorado,1962
62 Convertible,1961
62 Sedan,1961
DeVille,1961
DeVille Sedan,1961
Sixty Special,1961
62 Sedan,1960
Brougham,1960
DeVille Coupe,1960
Eldorado,1960
62 Convertible,1959
62 Sedan,1959
Brougham,1959
DeVille Coupe,1959
Eldorado,1959
Seville,1959
62 Convertible,1958
Biarritz Convertible,1958
Eldorado,1958
Sixty Special,1958
Eldorado,1957
6239D,1956
62,1955
Eldorado,1954
62,1952
62,1950
62,1948
62,1946
61,1944
61,1943
60,1942
62,1942
61,1941
