"0","library(car)"
"2","package ‘car’ was built under R version 3.4.3"
"2","
Attaching package: ‘car’

"
"2","The following objects are masked _by_ ‘.GlobalEnv’:

    Blackmore, Florida

"
"0","library(mosaic)"
"2","package ‘mosaic’ was built under R version 3.4.3"
"2","Loading required package: dplyr
"
"2","
Attaching package: ‘dplyr’

"
"2","The following object is masked from ‘package:car’:

    recode

"
"2","The following objects are masked from ‘package:stats’:

    filter, lag

"
"2","The following objects are masked from ‘package:base’:

    intersect, setdiff, setequal,
    union

"
"2","Loading required package: lattice
"
"2","Loading required package: ggformula
"
"2","package ‘ggformula’ was built under R version 3.4.3"
"2","Loading required package: ggplot2
"
"2","package ‘ggplot2’ was built under R version 3.4.3"
"2","
New to ggformula?  Try the tutorials: 
	learnr::run_tutorial(""introduction"", package = ""ggformula"")
	learnr::run_tutorial(""refining"", package = ""ggformula"")
"
"2","Loading required package: mosaicData
"
"2","package ‘mosaicData’ was built under R version 3.4.3"
"2","Loading required package: Matrix
"
"2","
The 'mosaic' package masks several functions from core packages in order to add 
additional features.  The original behavior of these functions should not be affected by this.

Note: If you use the Matrix package, be sure to load it BEFORE loading mosaic.
"
"2","
Attaching package: ‘mosaic’

"
"2","The following object is masked from ‘package:Matrix’:

    mean

"
"2","The following objects are masked from ‘package:dplyr’:

    count, do, tally

"
"2","The following objects are masked from ‘package:car’:

    deltaMethod, logit

"
"2","The following objects are masked from ‘package:stats’:

    binom.test, cor, cor.test, cov,
    fivenum, IQR, median, prop.test,
    quantile, sd, t.test, var

"
"2","The following objects are masked from ‘package:base’:

    max, mean, min, prod, range,
    sample, sum

"
"0","library(ResourceSelection)"
"2","package ‘ResourceSelection’ was built under R version 3.4.3"
"2","ResourceSelection 0.3-2 	 2017-02-28
"
"0","library(pander)"
"2","package ‘pander’ was built under R version 3.4.3"
"0","# more"
"0","library(DT)"
"2","package ‘DT’ was built under R version 3.4.3"
"0","library(ggplot2)"
"0","library(dplyr)"
